"_id","dateOfBirth","dateOfOnBoarding","citizenDetailId","bloodGroup","country","state","district","address","pincode","citizenId","photo","createdAt","updatedAt"
"63b7f59adbb0bea4bd3c68d7","2023-01-05T00:00:00.000Z","2023-01-06T00:00:00.000Z","167300034686981632","A Positive","INDIA","Bihar","Araria","nashik ","423598","167300034686688989","http://javixlife.org:3010/profile/profile-1673000339144.jpg","2023-01-06T10:19:06.870Z","2023-01-06T10:19:06.870Z"
"63b805c6dbb0bea4bd3c68fe","2023-01-04T00:00:00.000Z","2023-01-06T00:00:00.000Z","167300448606613476","","","Javix State","Javix District","","","167300448606489523",,"2023-01-06T11:28:06.067Z","2023-01-06T11:28:06.067Z"
"63b8473a7173cdcfcd0fe41c","2023-01-03T00:00:00.000Z","2023-01-06T00:00:00.000Z","167302124275077524"," AB Positive","INDIA","Assam","Chirang","gaysg","452135","167302124274657582","","2023-01-06T16:07:22.751Z","2023-01-06T16:07:22.751Z"
"63b849077173cdcfcd0fe42e","2023-01-03T00:00:00.000Z","2023-01-06T00:00:00.000Z","167302170384548620","","","Javix State","Javix District","","","167302170384316233",,"2023-01-06T16:15:03.846Z","2023-01-06T16:15:03.846Z"
"63b873207173cdcfcd0fe437","1987-01-07T00:00:00.000Z","2023-01-07T00:00:00.000Z","167303248074989937"," O Positive","INDIA","Goa","South Goa","fonda","588888","167303248074695210","http://javixlife.org:3010/profile/profile-1673032458911.jpg","2023-01-06T19:14:40.750Z","2023-01-06T19:14:40.750Z"
"63b8742f7173cdcfcd0fe43f","2022-12-01T00:00:00.000Z","2023-01-07T00:00:00.000Z","167303275168553250"," AB Negative","INDIA","Maharashtra","Ahmednagar","","226688","167303275168265208","","2023-01-06T19:19:11.686Z","2023-01-06T19:19:11.686Z"
"63b8ffa87173cdcfcd0fe449","2023-01-05T00:00:00.000Z","2023-01-07T00:00:00.000Z","167306845613465928"," AB Negative","INDIA","Dadra and Nagar Haveli ","Dadra &amp; Nagar Haveli","nashik","524359","167306845613230797","http://javixlife.org:3010/profile/profile-1673068452637.jpg","2023-01-07T05:14:16.135Z","2023-01-07T05:14:16.135Z"
"63b909447173cdcfcd0fe45e","2023-01-07T00:00:00.000Z","2023-01-07T00:00:00.000Z","167307091613424588"," AB Negative","INDIA","Daman and Diu ","Daman","Nashik","564834","167307091613230256","","2023-01-07T05:55:16.138Z","2023-01-07T05:55:16.138Z"
"63b909bc7173cdcfcd0fe462","2023-01-07T00:00:00.000Z","2023-01-07T00:00:00.000Z","167307103685470257"," AB Negative","INDIA","Daman and Diu ","Daman","Nashik","564834","167307103685110762","","2023-01-07T05:57:16.855Z","2023-01-07T05:57:16.855Z"
"63b90ae07173cdcfcd0fe46a","2023-01-07T00:00:00.000Z","2023-01-07T00:00:00.000Z","167307132844329191","A Positive","INDIA","Jharkhand","Godda","Pune","564851","167307132844114183","","2023-01-07T06:02:08.446Z","2023-01-07T06:02:08.446Z"
"63b9408f7173cdcfcd0fe4c7","2023-01-05T00:00:00.000Z","2023-01-07T00:00:00.000Z","167308507116038958"," O Positive","INDIA","Maharashtra","Ahmednagar","nashik","542454","167308507115735170","","2023-01-07T09:51:11.162Z","2023-01-07T09:51:11.162Z"
"63b944827173cdcfcd0fe4cd","2023-01-01T00:00:00.000Z","2023-01-07T00:00:00.000Z","167308608207866874"," O Positive","INDIA","Chhattisgarh","Dantewada (South Bastar)","aski","164948","167308608207636174","","2023-01-07T10:08:02.081Z","2023-01-07T10:08:02.081Z"
"63b9a8f97173cdcfcd0fe4e4","1976-01-07T00:00:00.000Z","2023-01-07T00:00:00.000Z","167311180113347031"," O Positive","INDIA","Maharashtra","Dhule","dhule road","258888","167311180113090003","http://javixlife.org:3010/profile/profile-1673111793138.jpg","2023-01-07T17:16:41.135Z","2023-01-07T17:16:41.135Z"
"63b9a94a7173cdcfcd0fe4e9","2002-01-07T00:00:00.000Z","2023-01-07T00:00:00.000Z","167311188214595583"," O Negative","INDIA","Maharashtra","Nanded","nanded road","646799","167311188214311718","http://javixlife.org:3010/profile/profile-1673111875073.jpg","2023-01-07T17:18:02.145Z","2023-01-07T17:18:02.145Z"
"63b9a9de7173cdcfcd0fe4ee","2011-01-07T00:00:00.000Z","2023-01-07T00:00:00.000Z","167311203040811109"," O Positive","INDIA","Maharashtra","Ahmednagar","jabsjsksks","646494","167311203040699532","http://javixlife.org:3010/profile/profile-1673112018354.jpg","2023-01-07T17:20:30.410Z","2023-01-07T17:20:30.410Z"
"63b9ae487173cdcfcd0fe4f3","2023-01-06T00:00:00.000Z","2023-01-07T00:00:00.000Z","167311316074264768"," O Positive","INDIA","Maharashtra","Ahmednagar","ndnnd dkdjd","121346","167311316074027664","","2023-01-07T17:39:20.743Z","2023-01-07T17:39:20.743Z"
"63b9dc3a7173cdcfcd0fe4f9","1988-01-12T00:00:00.000Z","2023-01-08T00:00:00.000Z","167312492251320888","A Positive","INDIA","Gujarat","Botad","Main road","563546","167312492251165528","","2023-01-07T20:55:22.514Z","2023-01-07T20:55:22.514Z"
"63b9dd237173cdcfcd0fe4fd","1997-11-12T00:00:00.000Z","2023-01-08T00:00:00.000Z","167312515512898798","A Positive","INDIA","Haryana","Fatehabad","New Town","546334","167312515512524880","","2023-01-07T20:59:15.131Z","2023-01-07T20:59:15.131Z"
"63ba2aea7173cdcfcd0fe504","2019-01-01T00:00:00.000Z","2023-01-08T00:00:00.000Z","167314506645940984"," O Negative","INDIA","Maharashtra","Beed","plot in beed mah","123456","167314506645743278","","2023-01-08T02:31:06.460Z","2023-01-08T02:31:06.460Z"
"63ba78547173cdcfcd0fe52a","1998-01-08T00:00:00.000Z","2023-01-08T00:00:00.000Z","167316488433558770"," O Negative","INDIA","Maharashtra","Palghar","ahhahajaja, palghar","979464","167316488433295517","http://javixlife.org:3010/profile/profile-1673164871248.jpg","2023-01-08T08:01:24.336Z","2023-01-08T08:01:24.336Z"
"63ba79017173cdcfcd0fe531","1983-01-08T00:00:00.000Z","2023-01-08T00:00:00.000Z","167316505705225256"," O Positive","INDIA","Maharashtra","Dhule","dhule pahata, dhule","422001","167316505705050777","http://javixlife.org:3010/profile/profile-1673165053139.jpg","2023-01-08T08:04:17.052Z","2023-01-08T08:04:17.052Z"
"63ba7ae77173cdcfcd0fe53c","2023-01-06T00:00:00.000Z","2023-01-08T00:00:00.000Z","167316554363744677"," O Negative","INDIA","Maharashtra","Ahmednagar","nashik ","558632","167316554363541998","","2023-01-08T08:12:23.638Z","2023-01-08T08:12:23.638Z"
"63bba3127173cdcfcd0fe568","2023-01-08T00:00:00.000Z","2023-01-09T00:00:00.000Z","167324136291518896"," AB Positive","INDIA","Maharashtra","Hingoli","nashik","523512","167324136291368996","http://javixlife.org:3010/profile/profile-1673241328636.jpg","2023-01-09T05:16:02.916Z","2023-01-09T05:16:02.916Z"
"63bba9437173cdcfcd0fe56c","2023-01-07T00:00:00.000Z","2023-01-09T00:00:00.000Z","167324294786811812"," O Negative","INDIA","Gujarat","Chhota Udepur","nashik","528389","167324294786625221","","2023-01-09T05:42:27.870Z","2023-01-09T05:42:27.870Z"
"63bba9847173cdcfcd0fe570","2023-01-09T00:00:00.000Z","2023-01-09T00:00:00.000Z","167324301240634436"," AB Positive","INDIA","Chhattisgarh","Balod","dfyqufq","653846","167324301240440826","","2023-01-09T05:43:32.407Z","2023-01-09T05:43:32.407Z"
"63bbd99d7173cdcfcd0fe5a4","2023-01-03T00:00:00.000Z","2023-01-09T00:00:00.000Z","167325532508046002"," AB Negative","INDIA","Bihar","Darbhanga","bzhsgstsurjrbrbrnn","975432","167325532507639663","http://javixlife.org:3010/profile/profile-1673255310983.jpg","2023-01-09T09:08:45.081Z","2023-01-09T09:08:45.081Z"
"63bbdd437173cdcfcd0fe5aa","2023-01-05T00:00:00.000Z","2023-01-09T00:00:00.000Z","167325625989013270"," O Positive","INDIA","Maharashtra","Ahmednagar","zbzyzgzh","425768","167325625988360219","http://javixlife.org:3010/profile/profile-1673256255264.jpg","2023-01-09T09:24:19.892Z","2023-01-09T09:24:19.892Z"
"63bbebdbaeba32dff42487fb","2023-01-04T00:00:00.000Z","2023-01-09T00:00:00.000Z","167325999592931186"," AB Positive","INDIA","Arunachal Pradesh","Tawang","hsysb","542436","167325999592697934","","2023-01-09T10:26:35.931Z","2023-01-09T10:26:35.931Z"
"63bbec37aeba32dff42487ff","2023-01-04T00:00:00.000Z","2023-01-09T00:00:00.000Z","167326008764748958","Blood Group","INDIA","Chhattisgarh","Bijapur","Nashik ","572495","167326008764424593","http://javixlife.org:3010/profile/profile-1673260058246.jpg","2023-01-09T10:28:07.648Z","2023-01-09T10:28:07.648Z"
"63bd873f7ec92f3a03862244","1989-01-10T00:00:00.000Z","2023-01-10T00:00:00.000Z","167336531171040872"," O Negative","INDIA","Maharashtra","Chandrapur","paithan nagar, chabdrapur","422000","167336531170738810","http://javixlife.org:3010/profile/profile-1673365308070.jpg","2023-01-10T15:41:51.711Z","2023-01-10T15:41:51.711Z"
"63be48097ec92f3a0386227b","2023-01-04T00:00:00.000Z","2023-01-11T00:00:00.000Z","167341466507550510","A Positive","INDIA","Arunachal Pradesh","Kra Daadi","nashik","422101","167341466507354690","http://javixlife.org:3010/profile/profile-1673414636826.jpg","2023-01-11T05:24:25.077Z","2023-01-11T05:24:25.077Z"
"63be4ba97ec92f3a0386228b","2023-01-11T00:00:00.000Z","2023-01-11T00:00:00.000Z","167341559347078696"," AB Negative","INDIA","Andhra Pradesh","Anantapur","nashik","423565","167341559346877237","http://javixlife.org:3010/profile/profile-1673415549305.jpg","2023-01-11T05:39:53.472Z","2023-01-11T05:39:53.472Z"
"63be53867ec92f3a0386229f","2023-01-10T00:00:00.000Z","2023-01-11T00:00:00.000Z","167341760640776060"," AB Positive","INDIA","Chhattisgarh","Dantewada (South Bastar)","nashik","542146","167341760640514072","http://javixlife.org:3010/profile/profile-1673417603489.jpg","2023-01-11T06:13:26.408Z","2023-01-11T06:13:26.408Z"
"63be61477ec92f3a038622a5","2023-01-05T00:00:00.000Z","2023-01-11T00:00:00.000Z","167342112786896487"," AB Negative","INDIA","Goa","North Goa","gsysu","124543","167342112786153686","http://javixlife.org:3010/profile/profile-1673421014844.jpg","2023-01-11T07:12:07.870Z","2023-01-11T07:12:07.870Z"
"63be90d07ec92f3a038622ce","2023-01-05T00:00:00.000Z","2023-01-11T00:00:00.000Z","167343329621553110","","","Javix State","Javix District","","","167343329621337667",,"2023-01-11T10:34:56.216Z","2023-01-11T10:34:56.216Z"
"63beb7917ec92f3a038622ec","2020-11-05T00:00:00.000Z","2023-01-11T00:00:00.000Z","167344321787775920"," B Positive","INDIA","Lakshadweep ","Kalpeni","kalpeni","422214","167344321787554098","","2023-01-11T13:20:17.879Z","2023-01-11T13:20:17.879Z"
"63bef26195cfa513965d6693","2023-01-06T00:00:00.000Z","2023-01-11T00:00:00.000Z","167345827319134676"," AB Positive","INDIA","Chhattisgarh","Bemetara","tffgh","558555","167345827318881608","","2023-01-11T17:31:13.192Z","2023-01-11T17:31:13.192Z"
"63bef32895cfa513965d6697","2023-01-11T00:00:00.000Z","2023-01-11T00:00:00.000Z","167345847207537563"," B Negative","INDIA","Daman and Diu ","Diu","vhhi","422605","167345847207467284","","2023-01-11T17:34:32.076Z","2023-01-11T17:34:32.076Z"
"63bef45d95cfa513965d669b","2023-01-11T00:00:00.000Z","2023-01-11T00:00:00.000Z","167345878199280259"," B Negative","INDIA","Bihar","Araria","ffy","552355","167345878199197692","","2023-01-11T17:39:41.993Z","2023-01-11T17:39:41.993Z"
"63bef56595cfa513965d669f","2023-01-11T00:00:00.000Z","2023-01-11T00:00:00.000Z","167345904526687706"," AB Positive","INDIA","Daman and Diu ","Daman","xfgggy","658855","167345904526464874","","2023-01-11T17:44:05.266Z","2023-01-11T17:44:05.266Z"
"63bef5ff95cfa513965d66a3","2023-01-11T00:00:00.000Z","2023-01-11T00:00:00.000Z","167345919903120724"," AB Positive","INDIA","Andhra Pradesh","Anantapur","rfgyfdsd","256587","167345919902889413","http://javixlife.org:3010/profile/profile-1673459196428.jpg","2023-01-11T17:46:39.032Z","2023-01-11T17:46:39.032Z"
"63bf91bb95cfa513965d66a8","2023-01-11T00:00:00.000Z","2023-01-12T00:00:00.000Z","167349906737838279"," AB Positive","INDIA","Bihar","Buxar","nashik","423568","167349906737624553","http://javixlife.org:3010/profile/profile-1673499006297.jpg","2023-01-12T04:51:07.378Z","2023-01-12T04:51:07.378Z"
"63bf9e7195cfa513965d66bd","2023-01-11T00:00:00.000Z","2023-01-12T00:00:00.000Z","167350232183459902"," AB Positive","INDIA","Goa","South Goa","agstajsj","235648","167350232183184082","http://javixlife.org:3010/profile/profile-1673502318014.jpg","2023-01-12T05:45:21.836Z","2023-01-12T05:45:21.836Z"
"63bfa24b95cfa513965d66e0","2023-01-06T00:00:00.000Z","2023-01-12T00:00:00.000Z","167350330720129222","","","Javix State","Javix District","","","167350330719917977",,"2023-01-12T06:01:47.202Z","2023-01-12T06:01:47.202Z"
"63bfa37195cfa513965d66e9","2023-01-12T00:00:00.000Z","2023-01-12T00:00:00.000Z","167350360164086979","","","Javix State","Javix District","","","167350360163848203",,"2023-01-12T06:06:41.641Z","2023-01-12T06:06:41.641Z"
"63bfac675d7e299c752fe41e","2023-01-11T00:00:00.000Z","2023-01-12T00:00:00.000Z","167350589565048683"," B Negative","INDIA","Dadra and Nagar Haveli ","Dadra &amp; Nagar Haveli","gaysjdidk","425135","167350589564730410","http://javixlife.org:3010/profile/profile-1673505893115.jpg","2023-01-12T06:44:55.652Z","2023-01-12T06:44:55.652Z"
"63bfac6a5d7e299c752fe422","2023-01-01T00:00:00.000Z","2023-01-12T00:00:00.000Z","167350589868497194"," AB Negative","INDIA","Chhattisgarh","Dantewada (South Bastar)","pune","151545","167350589868126529","http://javixlife.org:3010/profile/profile-1673505895065.jpg","2023-01-12T06:44:58.686Z","2023-01-12T06:44:58.686Z"
"63bfd712731c5fd84e6aec85","2023-01-11T00:00:00.000Z","2023-01-12T00:00:00.000Z","167351681867785222"," AB Negative","INDIA","Chandigarh ","Chandigarh","pune","456235","167351681867436000","http://javixlife.org:3010/profile/profile-1673516814557.jpg","2023-01-12T09:46:58.679Z","2023-01-12T09:46:58.679Z"
"63bfe23f731c5fd84e6aec9b","2023-01-11T00:00:00.000Z","2023-01-12T00:00:00.000Z","167351967925979950"," B Positive","INDIA","Assam","Baksa","nashik","425361","167351967925539454","http://javixlife.org:3010/profile/profile-1673519673514.jpg","2023-01-12T10:34:39.260Z","2023-01-12T10:34:39.260Z"
"63bfe2f5731c5fd84e6aec9f","2023-01-12T00:00:00.000Z","2023-01-12T00:00:00.000Z","167351986189840500"," AB Negative","INDIA","Dadra and Nagar Haveli ","Dadra &amp; Nagar Haveli","mumbai","684386","167351986189558132","http://javixlife.org:3010/profile/profile-1673519860050.jpg","2023-01-12T10:37:41.899Z","2023-01-12T10:37:41.899Z"
"63bfe9b7731c5fd84e6aecd3","2020-08-13T00:00:00.000Z","2023-01-12T00:00:00.000Z","167352159183713193"," B Positive","INDIA","Meghalaya","South Garo Hills","nsk","400122","167352159183515756","http://javixlife.org:3010/profile/profile-1673521578348.jpg","2023-01-12T11:06:31.839Z","2023-01-12T11:06:31.839Z"
"63bfebe2731c5fd84e6aecdb","2023-01-11T00:00:00.000Z","2023-01-12T00:00:00.000Z","167352214628010796"," B Negative","INDIA","Chhattisgarh","Bijapur","twywgsbsjxjd","235648","167352214627743432","http://javixlife.org:3010/profile/profile-1673522142631.jpg","2023-01-12T11:15:46.281Z","2023-01-12T11:15:46.281Z"
"63c0306c731c5fd84e6aece4","2023-01-12T00:00:00.000Z","2023-01-12T00:00:00.000Z","167353969210215512"," AB Positive","INDIA","Andhra Pradesh","Anantapur","hshdhd","686564","167353969210054798","http://javixlife.org:3010/profile/profile-1673539618698.jpg","2023-01-12T16:08:12.103Z","2023-01-12T16:08:12.103Z"
"63c053f2731c5fd84e6aecea","2023-01-06T00:00:00.000Z","2023-01-13T00:00:00.000Z","167354878683156009"," AB Positive","INDIA","Daman and Diu ","Diu","test address ","122425","167354878682958167","http://javixlife.org:3010/profile/profile-1673548754448.jpg","2023-01-12T18:39:46.832Z","2023-01-12T18:39:46.832Z"
"63c0d097731c5fd84e6aecf5","2023-01-13T00:00:00.000Z","2023-01-13T00:00:00.000Z","167358069517759869"," AB Negative","INDIA","Maharashtra","Ahmednagar","nsk","123454","167358069517537412","http://javixlife.org:3010/profile/profile-1673580690423.jpg","2023-01-13T03:31:35.178Z","2023-01-13T03:31:35.178Z"
"63c0ec80731c5fd84e6aecfc","2023-01-13T00:00:00.000Z","2023-01-13T00:00:00.000Z","167358784083648956"," B Positive","INDIA","Gujarat","Kachchh","Mumbai","848595","167358784083393173","http://javixlife.org:3010/profile/profile-1673587734538.jpg","2023-01-13T05:30:40.837Z","2023-01-13T05:30:40.837Z"
"63c11c66731c5fd84e6aed17","2023-01-13T00:00:00.000Z","2023-01-13T00:00:00.000Z","167360010238574621"," AB Positive","INDIA","Chhattisgarh","Dantewada (South Bastar)","mumbai","897868","167360010237949662","http://javixlife.org:3010/profile/profile-1673600094967.jpg","2023-01-13T08:55:02.387Z","2023-01-13T08:55:02.387Z"
"63c13f72731c5fd84e6aed22","2023-01-13T00:00:00.000Z","2023-01-13T00:00:00.000Z","167360907482717600"," AB Negative","INDIA","Dadra and Nagar Haveli ","Dadra &amp; Nagar Haveli","Pune","564864","167360907482481007","http://javixlife.org:3010/profile/profile-1673609029790.jpg","2023-01-13T11:24:34.828Z","2023-01-13T11:24:34.828Z"
"63c1487a731c5fd84e6aed2a","2023-01-13T00:00:00.000Z","2023-01-13T00:00:00.000Z","167361138681050078"," AB Negative","INDIA","Chhattisgarh","Dhamtari","pune","584848","167361138680781881","http://javixlife.org:3010/profile/profile-1673611215638.jpg","2023-01-13T12:03:06.812Z","2023-01-13T12:03:06.812Z"
"63c166f9b093dd496ab5d770","2023-01-13T00:00:00.000Z","2023-01-13T00:00:00.000Z","167361919371970220"," AB Positive","INDIA","Maharashtra","Ahmednagar","Mumbai ","124346","167361919371774862","http://javixlife.org:3010/profile/profile-1673619172354.jpg","2023-01-13T14:13:13.721Z","2023-01-13T14:13:13.721Z"
"63c2418ab093dd496ab5d777","2023-01-09T00:00:00.000Z","2023-01-14T00:00:00.000Z","167367514636824902"," AB Negative","INDIA","Chandigarh ","Chandigarh","dtgegr","265565","167367514636678167","http://javixlife.org:3010/profile/profile-1673675142655.jpg","2023-01-14T05:45:46.370Z","2023-01-14T05:45:46.370Z"
"63c261b5b093dd496ab5d77e","1984-01-14T00:00:00.000Z","2023-01-14T00:00:00.000Z","167368338164840518"," O Negative","INDIA","Maharashtra","Washim","washim local","228588","167368338164614520","http://javixlife.org:3010/profile/profile-1673683379452.jpg","2023-01-14T08:03:01.649Z","2023-01-14T08:03:01.649Z"
"63c631b3b093dd496ab5d797","2023-01-11T00:00:00.000Z","2023-01-17T00:00:00.000Z","167393323500096518"," B Positive","INDIA","Chandigarh ","Chandigarh","nashik","423756","167393323499791529","http://javixlife.org:3010/profile/profile-1673933222311.jpg","2023-01-17T05:27:15.002Z","2023-01-17T05:27:15.002Z"
"63c642c0b093dd496ab5d7bf","2023-01-10T00:00:00.000Z","2023-01-17T00:00:00.000Z","167393760016131289"," B Positive","INDIA","Dadra and Nagar Haveli ","Dadra &amp; Nagar Haveli","Nashik ","124867","167393760015884116","http://javixlife.org:3010/profile/profile-1673937589865.jpg","2023-01-17T06:40:00.163Z","2023-01-17T06:40:00.163Z"
"63c66de8b093dd496ab5d7d6","2023-01-10T00:00:00.000Z","2023-01-17T00:00:00.000Z","167394864856040794"," AB Positive","INDIA","Chandigarh ","Chandigarh","nashik","423569","167394864855771009","http://javixlife.org:3010/profile/profile-1673948638882.jpg","2023-01-17T09:44:08.561Z","2023-01-17T09:44:08.561Z"
"63c68c77b093dd496ab5d7ec","2023-01-15T00:00:00.000Z","2023-01-17T00:00:00.000Z","167395647136976568"," O Positive","INDIA","Dadra and Nagar Haveli ","Dadra &amp; Nagar Haveli","nashik","215356","167395647136256256","http://javixlife.org:3010/profile/profile-1673956467897.jpg","2023-01-17T11:54:31.371Z","2023-01-17T11:54:31.371Z"
"63c77e6baba181eaf5682289","2023-01-18T00:00:00.000Z","2023-01-18T00:00:00.000Z","167401841195455921"," AB Negative","INDIA","Chhattisgarh","Bilaspur","pune","195918","167401841195139629","http://javixlife.org:3010/profile/profile-1674018394503.jpg","2023-01-18T05:06:51.956Z","2023-01-18T05:06:51.956Z"
"63c783f6aba181eaf568228d","2023-01-17T00:00:00.000Z","2023-01-18T00:00:00.000Z","167401983055870796"," AB Positive","INDIA","Chhattisgarh","Bijapur","gatwfeuehebd","423156","167401983055650051","http://javixlife.org:3010/profile/profile-1674019816902.jpg","2023-01-18T05:30:30.559Z","2023-01-18T05:30:30.559Z"
"63c787847f8e0ea0e06b302e","2023-01-18T00:00:00.000Z","2023-01-18T00:00:00.000Z","167402074023539809"," AB Negative","INDIA","Dadra and Nagar Haveli ","Dadra &amp; Nagar Haveli","pune","858181","167402074022889493","http://javixlife.org:3010/profile/profile-1674020733236.jpg","2023-01-18T05:45:40.237Z","2023-01-18T05:45:40.237Z"
"63c7b78c7f8e0ea0e06b3051","2023-01-01T00:00:00.000Z","2023-01-18T00:00:00.000Z","167403303624885918"," B Negative","INDIA","Bihar","Araria","bsbshdhd","989464","167403303624581432","","2023-01-18T09:10:36.249Z","2023-01-18T09:10:36.249Z"
"63c7b7e47f8e0ea0e06b3056","2023-01-17T00:00:00.000Z","2023-01-18T00:00:00.000Z","167403312401448909"," AB Positive","INDIA","Dadra and Nagar Haveli ","Dadra &amp; Nagar Haveli","nashik","423568","167403312401219953","http://javixlife.org:3010/profile/profile-1674033121877.jpg","2023-01-18T09:12:04.014Z","2023-01-18T09:12:04.014Z"
"63c7ba7bf50e485217678fc4","2023-01-17T00:00:00.000Z","2023-01-18T00:00:00.000Z","167403378754261779","Blood Group","INDIA","Dadra and Nagar Haveli ","Dadra &amp; Nagar Haveli","nashik","423154","167403378753471954","http://javixlife.org:3010/profile/profile-1674033784950.jpg","2023-01-18T09:23:07.543Z","2023-01-18T09:23:07.543Z"
"63da4b40cc4ae6ee1864e830","2023-02-01T00:00:00.000Z","2023-02-01T00:00:00.000Z","167525049687095120","A Positive","INDIA","Chhattisgarh","Bilaspur","nashik","485216","167525049686713866","http://javixlife.org:3010/profile/profile-1675250491212.jpg","2023-02-01T11:21:36.871Z","2023-02-01T11:21:36.871Z"
"63dcebc6cc4ae6ee1864e86e","2023-02-02T00:00:00.000Z","2023-02-03T00:00:00.000Z","167542266214186102"," B Positive","INDIA","Chhattisgarh","Bilaspur","nashik ","542452","167542266213857270","http://javixlife.org:3010/profile/profile-1675422656807.jpg","2023-02-03T11:11:02.143Z","2023-02-03T11:11:02.143Z"
"63e3604ecc4ae6ee1864e89b","2023-02-02T00:00:00.000Z","2023-02-08T00:00:00.000Z","167584571071133497"," AB Positive","INDIA","Chhattisgarh","Bilaspur","nashik","420333","167584571070781670","http://javixlife.org:3010/profile/profile-1675845706820.jpg","2023-02-08T08:41:50.718Z","2023-02-08T08:41:50.718Z"
"63e4dcc2cc4ae6ee1864e89f","2023-02-08T00:00:00.000Z","2023-02-09T00:00:00.000Z","167594310682226134"," AB Positive","INDIA","Chandigarh ","Chandigarh","nashik","425365","167594310681960483","http://javixlife.org:3010/profile/profile-1675943104904.jpg","2023-02-09T11:45:06.823Z","2023-02-09T11:45:06.823Z"
"63e4e3f0cc4ae6ee1864e8a4","2023-02-03T00:00:00.000Z","2023-02-09T00:00:00.000Z","167594494418838251"," AB Positive","INDIA","Chandigarh ","Chandigarh","nashij","125436","167594494418513228","http://javixlife.org:3010/profile/profile-1675944931238.jpg","2023-02-09T12:15:44.190Z","2023-02-09T12:15:44.190Z"
"63e60ef4cc4ae6ee1864e8aa","2023-02-09T00:00:00.000Z","2023-02-10T00:00:00.000Z","167602149288664558"," AB Negative","INDIA","Dadra and Nagar Haveli ","Dadra &amp; Nagar Haveli","Nashik ","425368","167602149288473554","http://javixlife.org:3010/profile/profile-1676021467646.jpg","2023-02-10T09:31:32.887Z","2023-02-10T09:31:32.887Z"
"63eb1cf3cc4ae6ee1864e8ef","2023-02-08T00:00:00.000Z","2023-02-14T00:00:00.000Z","167635275593020757"," B Negative","INDIA","Maharashtra","Chandrapur","nashik","323232","167635275592844804","http://javixlife.org:3010/profile/profile-1676352753788.jpg","2023-02-14T05:32:35.931Z","2023-02-14T05:32:35.931Z"
"63ef4851cc4ae6ee1864e938","2023-02-15T00:00:00.000Z","2023-02-17T00:00:00.000Z","167662600148896478"," AB Positive","INDIA","Daman and Diu ","Daman","eeeee","422605","167662600148199732","","2023-02-17T09:26:41.489Z","2023-02-17T09:26:41.489Z"
"63f01881cc4ae6ee1864e945","2023-02-10T00:00:00.000Z","2023-02-18T00:00:00.000Z","167667929793867924"," B Negative","INDIA","Chandigarh ","Chandigarh","mumbai","425135","167667929793540062","http://javixlife.org:3010/profile/profile-1676679284407.jpg","2023-02-18T00:14:57.939Z","2023-02-18T00:14:57.939Z"
"63f336e2cc4ae6ee1864e94d","2023-02-18T00:00:00.000Z","2023-02-20T00:00:00.000Z","167688368219078776"," AB Negative","INDIA","Bihar","Araria","nashik ","425365","167688368218725722","http://javixlife.org:3010/profile/profile-1676883673420.jpg","2023-02-20T09:01:22.192Z","2023-02-20T09:01:22.192Z"
"63f44a46cc4ae6ee1864e954","2023-02-15T00:00:00.000Z","2023-02-21T00:00:00.000Z","167695418297224722"," AB Negative","INDIA","Dadra and Nagar Haveli ","Dadra &amp; Nagar Haveli","nashik","423568","167695418297049601","http://javixlife.org:3010/profile/profile-1676954168315.jpg","2023-02-21T04:36:22.974Z","2023-02-21T04:36:22.974Z"
"63f455dfcc4ae6ee1864e96d","2023-02-17T00:00:00.000Z","2023-02-21T00:00:00.000Z","167695715139121471"," AB Positive","INDIA","Maharashtra","Ahmednagar","pune","425326","167695715138971423","http://javixlife.org:3010/profile/profile-1676957132079.jpg","2023-02-21T05:25:51.392Z","2023-02-21T05:25:51.392Z"
"63f5bfa880fe6ca98594109d","2023-02-10T00:00:00.000Z","2023-02-22T00:00:00.000Z","167704976894035554"," AB Positive","INDIA","Andhra Pradesh","Anantapur","nashik","423156","167704976893371094","http://javixlife.org:3010/profile/profile-1677049762050.jpg","2023-02-22T07:09:28.942Z","2023-02-22T07:09:28.942Z"
"63f6ef3380fe6ca9859410b0","2023-02-16T00:00:00.000Z","2023-02-23T00:00:00.000Z","167712747559866201"," AB Positive","INDIA","Dadra and Nagar Haveli ","Dadra &amp; Nagar Haveli","nashik","423623","167712747559583289","http://javixlife.org:3010/profile/profile-1677127426514.jpg","2023-02-23T04:44:35.600Z","2023-02-23T04:44:35.600Z"
"63f6f61880fe6ca9859410ca","2023-02-22T00:00:00.000Z","2023-02-23T00:00:00.000Z","167712924005676262"," AB Negative","INDIA","Dadra and Nagar Haveli ","Dadra &amp; Nagar Haveli","nashik","425365","167712924005446620","http://javixlife.org:3010/profile/profile-1677129175718.jpg","2023-02-23T05:14:00.058Z","2023-02-23T05:14:00.058Z"
"63f83fba80fe6ca9859410e4","2023-02-17T00:00:00.000Z","2023-02-24T00:00:00.000Z","167721362672747424"," AB Positive","INDIA","Chandigarh ","Chandigarh","nashik","124546","167721362672417464","http://javixlife.org:3010/profile/profile-1677213545276.jpg","2023-02-24T04:40:26.728Z","2023-02-24T04:40:26.728Z"
"63f845cb80fe6ca9859410f0","2023-02-16T00:00:00.000Z","2023-02-24T00:00:00.000Z","167721517998759891"," AB Negative","INDIA","Bihar","Araria","nashik ","425535","167721517997917012","","2023-02-24T05:06:19.990Z","2023-02-24T05:06:19.990Z"